{
  "CONFIG_VERSION": 1,
  "modules": {
    "Natura TE4 Compatibility": {
      "enabled": true
    },
    "Natura Forestry Compatibility": {
      "enabled": true
    },
    "Natura MFR Compatibility": {
      "enabled": true
    },
    "Natura BuildCraft Compatibility": {
      "enabled": true
    },
    "Natura Thaumcraft Compatibility": {
      "enabled": true
    },
    "Natura FMP Compatibility": {
      "enabled": true
    },
    "Natura NEI Compatibility": {
      "enabled": true
    }
  }
}